{"body": "{\"events\":[{\"attributes\":{\"app_version\":\"2.0.0\",\"device_type\":\"desktop\",\"namespace\":\"bx\",\"platform\":\"site\",\"screen_resolution_x\":1920,\"screen_resolution_y\":1080},\"page\":{\"category_id\":9276000,\"current\":\"category\",\"current_url\":\"/category/supermarket-molochnye-produkty-i-yaytsa-9276000/\",\"page_view_id\":\"21ba0349-7adc-4877-a7de-092763d82653\",\"previous\":\"category/landing\",\"previous_page_view_id\":\"b7165bf9-7f63-4eb8-891b-24108a8a40ba\",\"referral_url\":\"/category/supermarket-25000/\",\"layout_id\":6820,\"layout_version\":16,\"rule_id\":6599},\"special\":true,\"timestamp\":\"2020-03-24 13:14:16 +0300\",\"user\":{\"ab_group\":24,\"client_id\":0,\"experiments\":\"219:221,318:438,320:444,326:486,327:487,328:480,332:528,338:550,345:568,346:571,347:572,348:575\",\"google_id\":\"GA1.2.1657344491.1585042046\",\"latitude\":55.755814,\"long_cookie\":\"53ebd41441e6049b016281d59dc38ea7\",\"longitude\":37.617634,\"region_id\":2,\"session_id\":\"g7f8O9KUQK+7aw6nLff3Qw\"}},{\"action_type\":\"to_cart\",\"composer\":{\"cell\":{\"index\":57,\"type\":\"product\",\"id\":147661595,\"title\":\"\u0411\u0438\u043e\u0442\u0432\u043e\u0440\u043e\u0433 \u0424\u0440\u0443\u0442\u043e\u041d\u044f\u043d\u044f, \u0441 \u044f\u0431\u043b\u043e\u043a\u043e\u043c \u0438 \u0431\u0430\u043d\u0430\u043d\u043e\u043c, \u0434\u043b\u044f \u043f\u0438\u0442\u0430\u043d\u0438\u044f \u0434\u0435\u0442\u0435\u0439 \u0440\u0430\u043d\u043d\u0435\u0433\u043e \u0432\u043e\u0437\u0440\u0430\u0441\u0442\u0430, \u043c\u0430\u0441\u0441\u043e\u0432\u0430\u044f \u0434\u043e\u043b\u044f \u0436\u0438\u0440\u0430 4,2%, 6 \u0448\u0442 \u043f\u043e 100 \u0433\",\"availability\":1,\"price\":156,\"finalPrice\":108,\"deliverySchema\":\"Retail\",\"marketplaceSellerId\":0,\"category\":\"\u041f\u0440\u043e\u0434\u0443\u043a\u0442\u044b \u043f\u0438\u0442\u0430\u043d\u0438\u044f/\u041c\u043e\u043b\u043e\u0447\u043d\u044b\u0435 \u043f\u0440\u043e\u0434\u0443\u043a\u0442\u044b \u0438 \u044f\u0439\u0446\u0430/\u0422\u0432\u043e\u0440\u043e\u0433\",\"brand\":\"\u0424\u0440\u0443\u0442\u043e\u041d\u044f\u043d\u044f\",\"brandId\":26084427,\"availableInDays\":0,\"freeRest\":5,\"discount\":30,\"marketingActionIds\":[11006108938110],\"isPersonalized\":false,\"advId\":\"\",\"deliveryTimeDiffDays\":-1,\"isSupermarket\":true,\"isPromotedProduct\":false,\"link\":\"/context/detail/id/147661595/\",\"sellerId\":0,\"stock\":1,\"quantity\":1,\"totalQuantity\":1}},\"number\":383,\"timestamp\":\"2020-03-24 13:16:09 +0300\",\"uuid\":\"b868489b-86ed-4af8-af47-003cc3414baa\",\"version\":\"2\",\"widget\":{\"type\":\"catalog\",\"name\":\"catalog.searchResultsV2\",\"id\":193750,\"revision_id\":119098,\"config_revision_id\":0,\"index\":3}}]}\n", "webapp_id": "56d69c95-2cc0-4da5-92e3-b514f3681932", "src_port": 44332, "raw_uri": "https://www.ozon.ru/api/tracker.bx/v2/composer_events", "obj_id": "c12978a9-8fd9-4220-a694-637c1ca79a16", "uri": {"username": "", "password": "", "fragment": "", "hostname": "www.ozon.ru", "path": "/api/tracker.bx/v2/composer_events", "query": "", "scheme": "https", "port": -1}, "method": "POST", "src_ip": "10.0.0.14", "headers": [["referer", "https://www.ozon.ru/category/supermarket-molochnye-produkty-i-yaytsa-9276000/?page=2"], ["sec-fetch-dest", "empty"], ["user-agent", "Mozilla/5.0 (X11; Linux x86_64) AppleWebKit/537.36 (KHTML, like Gecko) Chrome/80.0.3987.0 Safari/537.36"], ["content-type", "text/plain;charset=UTF-8"]], "dst_port": 80, "protocol": 1.1, "dst_ip": "10.72.55.226"}