{"body": "{\"events\":[{\"attributes\":{\"app_version\":\"2.0.0\",\"device_type\":\"desktop\",\"namespace\":\"bx\",\"platform\":\"site\",\"screen_resolution_x\":1920,\"screen_resolution_y\":1080},\"page\":{\"category_id\":0,\"current\":\"search\",\"current_url\":\"/search/?from_global=true&text=%D1%81%D0%BD%D0%BE%D1%83%D0%B1%D0%BE%D1%80%D0%B4\",\"page_view_id\":\"40e8e8d9-3a69-4881-822d-7aebb1d056f1\",\"previous\":\"home\",\"previous_page_view_id\":\"2397f6b4-71c4-4c91-b922-d664c4606b05\",\"referral_url\":\"/\",\"layout_id\":3473,\"layout_version\":64,\"rule_id\":1088},\"special\":true,\"timestamp\":\"2020-03-24 13:30:59 +0300\",\"user\":{\"ab_group\":14,\"client_id\":0,\"experiments\":\"219:221,318:439,320:443,326:485,327:483,328:480,338:550,339:555,345:569,346:570,347:573,349:577\",\"google_id\":\"GA1.2.1168629906.1585045852\",\"latitude\":55.755814,\"long_cookie\":\"dc9085bddb50d8ea3135b03ac5c5ba9c\",\"longitude\":37.617634,\"region_id\":2,\"session_id\":\"8L2KWhlNSeW7UtiBqPprVw\"}},{\"action_type\":\"view\",\"composer\":{\"cell\":{\"index\":1,\"type\":\"product\",\"id\":143512986,\"title\":\"\u0413\u0440\u0435\u043b\u043a\u0430 \u043e\u0434\u043d\u043e\u0440\u0430\u0437\u043e\u0432\u0430\u044f \\\"Woodland\\\", \u0446\u0432\u0435\u0442: \u043e\u0440\u0430\u043d\u0436\u0435\u0432\u044b\u0439, 10 \u0447\u0430\u0441\u043e\u0432\",\"availability\":1,\"price\":159,\"finalPrice\":35,\"deliverySchema\":\"Retail\",\"marketplaceSellerId\":0,\"category\":\"\u0421\u043f\u043e\u0440\u0442\u0438\u0432\u043d\u044b\u0435 \u0442\u043e\u0432\u0430\u0440\u044b/\u0417\u0438\u043c\u043d\u0438\u0439 \u0441\u043f\u043e\u0440\u0442/\u0411\u0435\u0433\u043e\u0432\u044b\u0435 \u043b\u044b\u0436\u0438 \u0438 \u0430\u043a\u0441\u0435\u0441\u0441\u0443\u0430\u0440\u044b/\u041c\u0430\u0442\u0435\u0440\u0438\u0430\u043b\u044b \u0438 \u0438\u043d\u0441\u0442\u0440\u0443\u043c\u0435\u043d\u0442\u044b \u0434\u043b\u044f \u0431\u0435\u0433\u043e\u0432\u044b\u0445 \u043b\u044b\u0436/\u0418\u043d\u0441\u0442\u0440\u0443\u043c\u0435\u043d\u0442\u044b \u0434\u043b\u044f \u043e\u0431\u0440\u0430\u0431\u043e\u0442\u043a\u0438 \u043b\u044b\u0436 \u0438 \u0441\u043d\u043e\u0443\u0431\u043e\u0440\u0434\u043e\u0432\",\"brand\":\"Woodland\",\"brandId\":26352279,\"availableInDays\":0,\"freeRest\":5,\"discount\":77,\"marketingActionIds\":[11115516627910,11008828885490],\"isPersonalized\":false,\"advId\":\"\",\"deliveryTimeDiffDays\":-1,\"isSupermarket\":false,\"isPromotedProduct\":false,\"link\":\"/context/detail/id/143512986/\",\"sellerId\":0,\"stock\":1,\"quantity\":1,\"totalQuantity\":1}},\"number\":60,\"timestamp\":\"2020-03-24 13:31:01 +0300\",\"uuid\":\"f541b478-8c33-498c-ba75-e33977b8716e\",\"version\":\"2\",\"widget\":{\"type\":\"catalog\",\"name\":\"catalog.searchResultsV2\",\"id\":311178,\"revision_id\":291071,\"config_revision_id\":0,\"index\":27}},{\"action_type\":\"view\",\"composer\":{\"cell\":{\"index\":2,\"type\":\"product\",\"id\":161395236,\"title\":\"\u0427\u0435\u0445\u043e\u043b \u0434\u043b\u044f \u0441\u043d\u043e\u0443\u0431\u043e\u0440\u0434\u0430 FormulaZima Standart \u042d\u043c\u043e\u0434\u0437\u0438, 150 \u0441\u043c\",\"availability\":1,\"price\":1067,\"finalPrice\":727,\"deliverySchema\":\"Retail\",\"marketplaceSellerId\":0,\"category\":\"\u0421\u043f\u043e\u0440\u0442\u0438\u0432\u043d\u044b\u0435 \u0442\u043e\u0432\u0430\u0440\u044b/\u0417\u0438\u043c\u043d\u0438\u0439 \u0441\u043f\u043e\u0440\u0442/\u0421\u043d\u043e\u0443\u0431\u043e\u0440\u0434\u044b \u0438 \u0430\u043a\u0441\u0435\u0441\u0441\u0443\u0430\u0440\u044b/\u0427\u0435\u0445\u043b\u044b \u0434\u043b\u044f \u0441\u043d\u043e\u0443\u0431\u043e\u0440\u0434\u043e\u0432\",\"brand\":\"FormulaZima\",\"brandId\":143412070,\"availableInDays\":0,\"freeRest\":5,\"discount\":31,\"marketingActionIds\":[11113523397090,11008828885490],\"isPersonalized\":false,\"advId\":\"\",\"deliveryTimeDiffDays\":-1,\"isSupermarket\":false,\"isPromotedProduct\":false,\"link\":\"/context/detail/id/161395236/\",\"sellerId\":0,\"stock\":1,\"quantity\":1,\"totalQuantity\":1}},\"number\":61,\"timestamp\":\"2020-03-24 13:31:01 +0300\",\"uuid\":\"b992131c-19cc-49dd-bafd-2bece9b84d0c\",\"version\":\"2\",\"widget\":{\"type\":\"catalog\",\"name\":\"catalog.searchResultsV2\",\"id\":311178,\"revision_id\":291071,\"config_revision_id\":0,\"index\":27}},{\"action_type\":\"view\",\"composer\":{\"cell\":{\"index\":3,\"type\":\"product\",\"id\":161632531,\"title\":\"\u041a\u0440\u0435\u043f\u043b\u0435\u043d\u0438\u044f \u0434\u043b\u044f \u0441\u043d\u043e\u0443\u0431\u043e\u0440\u0434\u0430 BF snowboards Sp Lady\",\"availability\":1,\"price\":6084,\"finalPrice\":3259,\"deliverySchema\":\"Retail\",\"marketplaceSellerId\":0,\"category\":\"\u0421\u043f\u043e\u0440\u0442\u0438\u0432\u043d\u044b\u0435 \u0442\u043e\u0432\u0430\u0440\u044b/\u0417\u0438\u043c\u043d\u0438\u0439 \u0441\u043f\u043e\u0440\u0442/\u0421\u043d\u043e\u0443\u0431\u043e\u0440\u0434\u044b \u0438 \u0430\u043a\u0441\u0435\u0441\u0441\u0443\u0430\u0440\u044b/\u041a\u0440\u0435\u043f\u043b\u0435\u043d\u0438\u044f \u0434\u043b\u044f \u0441\u043d\u043e\u0443\u0431\u043e\u0440\u0434\u0430\",\"brand\":\"BF snowboards\",\"brandId\":142599004,\"availableInDays\":0,\"freeRest\":4,\"discount\":46,\"marketingActionIds\":[11113523397090,11008828885490],\"isPersonalized\":false,\"advId\":\"\",\"deliveryTimeDiffDays\":-1,\"isSupermarket\":false,\"isPromotedProduct\":false,\"link\":\"/context/detail/id/161632531/\",\"sellerId\":0,\"stock\":1,\"quantity\":1,\"totalQuantity\":1}},\"number\":62,\"timestamp\":\"2020-03-24 13:31:01 +0300\",\"uuid\":\"79605748-c1e0-43db-82b4-a35a41c54a5c\",\"version\":\"2\",\"widget\":{\"type\":\"catalog\",\"name\":\"catalog.searchResultsV2\",\"id\":311178,\"revision_id\":291071,\"config_revision_id\":0,\"index\":27}},{\"action_type\":\"view\",\"composer\":{\"cell\":{\"type\":\"filter\",\"elementType\":\"menu\",\"id\":\"price\",\"filterValue\":\"\",\"index\":2}},\"number\":63,\"timestamp\":\"2020-03-24 13:31:02 +0300\",\"uuid\":\"789c87aa-8e35-49f4-900a-b221b5236f85\",\"version\":\"2\",\"widget\":{\"type\":\"catalog\",\"name\":\"catalog.searchResultsFilters\",\"id\":186471,\"revision_id\":108029,\"config_revision_id\":0,\"index\":19}},{\"action_type\":\"view\",\"composer\":{\"cell\":{\"index\":4,\"type\":\"product\",\"id\":161632534,\"title\":\"\u041a\u0440\u0435\u043f\u043b\u0435\u043d\u0438\u044f \u0434\u043b\u044f \u0441\u043d\u043e\u0443\u0431\u043e\u0440\u0434\u0430 BF snowboards Techno, \u0440\u0430\u0437\u043c\u0435\u0440  S\",\"availability\":1,\"price\":4609,\"finalPrice\":2469,\"deliverySchema\":\"Retail\",\"marketplaceSellerId\":0,\"category\":\"\u0421\u043f\u043e\u0440\u0442\u0438\u0432\u043d\u044b\u0435 \u0442\u043e\u0432\u0430\u0440\u044b/\u0417\u0438\u043c\u043d\u0438\u0439 \u0441\u043f\u043e\u0440\u0442/\u0421\u043d\u043e\u0443\u0431\u043e\u0440\u0434\u044b \u0438 \u0430\u043a\u0441\u0435\u0441\u0441\u0443\u0430\u0440\u044b/\u041a\u0440\u0435\u043f\u043b\u0435\u043d\u0438\u044f \u0434\u043b\u044f \u0441\u043d\u043e\u0443\u0431\u043e\u0440\u0434\u0430\",\"brand\":\"BF snowboards\",\"brandId\":142599004,\"availableInDays\":0,\"freeRest\":5,\"discount\":46,\"marketingActionIds\":[11113523397090,11008828885490],\"isPersonalized\":false,\"advId\":\"\",\"deliveryTimeDiffDays\":-1,\"isSupermarket\":false,\"isPromotedProduct\":false,\"link\":\"/context/detail/id/161632534/\",\"sellerId\":0,\"stock\":1,\"quantity\":1,\"totalQuantity\":1}},\"number\":64,\"timestamp\":\"2020-03-24 13:31:02 +0300\",\"uuid\":\"f40015e7-045d-4838-9634-eccb7ee5fc4d\",\"version\":\"2\",\"widget\":{\"type\":\"catalog\",\"name\":\"catalog.searchResultsV2\",\"id\":311178,\"revision_id\":291071,\"config_revision_id\":0,\"index\":27}},{\"action_type\":\"view\",\"composer\":{\"cell\":{\"index\":5,\"type\":\"product\",\"id\":159848705,\"title\":\"\u0411\u043e\u0442\u0438\u043d\u043a\u0438 \u0434\u043b\u044f \u0441\u043d\u043e\u0443\u0431\u043e\u0440\u0434\u0430 