{"body": "{\"events\":[{\"attributes\":{\"app_version\":\"2.0.0\",\"device_type\":\"desktop\",\"namespace\":\"bx\",\"platform\":\"site\",\"screen_resolution_x\":1920,\"screen_resolution_y\":1080},\"page\":{\"category_id\":0,\"current\":\"cart\",\"current_url\":\"/cart\",\"page_view_id\":\"77a82dbd-9bed-4e6e-96d2-e4f99e022e5a\",\"previous\":\"pdp\",\"previous_page_view_id\":\"eb83fc9c-221e-46f4-881a-7981acda55eb\",\"referral_url\":\"/context/detail/id/140824521/\",\"layout_id\":4803,\"layout_version\":76,\"rule_id\":4757},\"special\":true,\"timestamp\":\"2020-03-24 13:08:08 +0300\",\"user\":{\"ab_group\":24,\"client_id\":0,\"experiments\":\"219:221,318:438,320:444,326:486,327:487,328:480,332:528,338:550,345:568,346:571,347:572,348:575\",\"google_id\":\"GA1.2.1657344491.1585042046\",\"latitude\":55.755814,\"long_cookie\":\"53ebd41441e6049b016281d59dc38ea7\",\"longitude\":37.617634,\"region_id\":2,\"session_id\":\"g7f8O9KUQK+7aw6nLff3Qw\"}},{\"action_type\":\"view\",\"composer\":{\"slice\":{},\"cell\":{\"totalCartPrice\":6230,\"tabName\":\"\u041a\u043e\u0440\u0437\u0438\u043d\u0430\",\"totalSelectedPrice\":6230,\"totalCartQuantity\":18,\"type\":\"cart\",\"cartType\":\"Main\",\"countItems\":18,\"weight\":7923,\"price\":7141,\"finalPrice\":6230,\"items\":[{\"type\":\"product\",\"deliveryType\":\"Retail\",\"sellerId\":0,\"quantity\":1,\"originalPrice\":556,\"finalPrice\":556,\"index\":1,\"stock\":1,\"storehouseId\":660,\"categoryId\":16500,\"id\":23877315,\"title\":\"\u041f\u043e\u0434 \u041a\u0443\u043f\u043e\u043b\u043e\u043c | \u041a\u0438\u043d\u0433 \u0421\u0442\u0438\u0432\u0435\u043d\",\"isSupermarket\":false,\"sku\":23877315},{\"type\":\"product\",\"deliveryType\":\"Retail\",\"sellerId\":0,\"quantity\":1,\"originalPrice\":356,\"finalPrice\":318,\"index\":1,\"stock\":1,\"storehouseId\":660,\"categoryId\":16500,\"id\":142100954,\"title\":\"\u041a\u043b\u0430\u0442\u0431\u0438\u0449\u0435 \u0434\u043e\u043c\u0430\u0448\u043d\u0438\u0445 \u0436\u044b\u0432\u043e\u0442\u043d\u044b\u0445 | \u041a\u0438\u043d\u0433 \u0421\u0442\u0438\u0432\u0435\u043d\",\"isSupermarket\":false,\"sku\":142100954},{\"type\":\"product\",\"deliveryType\":\"Retail\",\"sellerId\":0,\"quantity\":1,\"originalPrice\":395,\"finalPrice\":340,\"index\":1,\"stock\":1,\"storehouseId\":660,\"categoryId\":16500,\"id\":23809424,\"title\":\"\u0428\u0430\u043d\u0442\u0430\u0440\u0430\u043c (\u0432 2-\u0445 \u0442\u043e\u043c\u0430\u0445) (\u043a\u043e\u043c\u043f\u043b\u0435\u043a\u0442) | \u0420\u043e\u0431\u0435\u0440\u0442\u0441 \u0413\u0440\u0435\u0433\u043e\u0440\u0438 \u0414\u044d\u0432\u0438\u0434\",\"isSupermarket\":false,\"sku\":23809424},{\"type\":\"product\",\"deliveryType\":\"Retail\",\"sellerId\":0,\"quantity\":1,\"originalPrice\":185,\"finalPrice\":174,\"index\":1,\"stock\":1,\"storehouseId\":660,\"categoryId\":16500,\"id\":142092596,\"title\":\"\u041c\u0438\u0437\u0435\u0440\u0438 | \u041a\u0438\u043d\u0433 \u0421\u0442\u0438\u0432\u0435\u043d\",\"isSupermarket\":false,\"sku\":142092596},{\"type\":\"product\",\"deliveryType\":\"Retail\",\"sellerId\":0,\"quantity\":1,\"originalPrice\":276,\"finalPrice\":276,\"index\":1,\"stock\":1,\"storehouseId\":660,\"categoryId\":16500,\"id\":135299984,\"title\":\"\u041a\u0443\u0434\u0436\u043e | \u041a\u0438\u043d\u0433 \u0421\u0442\u0438\u0432\u0435\u043d\",\"isSupermarket\":false,\"sku\":135299984},{\"type\":\"product\",\"deliveryType\":\"Retail\",\"sellerId\":0,\"quantity\":1,\"originalPrice\":312,\"finalPrice\":287,\"index\":1,\"stock\":1,\"storehouseId\":660,\"categoryId\":16500,\"id\":18100192,\"title\":\"\u041c\u0438\u0437\u0435\u0440\u0438 | \u041a\u0438\u043d\u0433 \u0421\u0442\u0438\u0432\u0435\u043d\",\"isSupermarket\":false,\"sku\":18100192},{\"type\":\"product\",\"deliveryType\":\"Retail\",\"sellerId\":0,\"quantity\":1,\"originalPrice\":310,\"finalPrice\":285,\"index\":1,\"stock\":1,\"storehouseId\":660,\"categoryId\":16500,\"id\":18046889,\"title\":\"\u0417\u0435\u043b\u0435\u043d\u0430\u044f \u043c\u0438\u043b\u044f | \u041a\u0438\u043d\u0433 \u0421\u0442\u0438\u0432\u0435\u043d\",\"isSupermarket\":false,\"sku\":18046889},{\"type\":\"product\",\"deliveryType\":\"Retail\",\"sellerId\":0,\"quantity\":1,\"originalPrice\":433,\"finalPrice\":350,\"index\":1,\"stock\":1,\"storehouseId\":660,\"categoryId\":16500,\"id\":140056227,\"title\":\"\u0428\u0430\u043d\u0442\u0430\u0440\u0430\u043c-2. \u0422\u0435\u043d\u044c \u0433\u043e\u0440\u044b (\u0432 2-\u0445 \u0442\u043e\u043c\u0430\u0445) (\u043a\u043e\u043c\u043f\u043b\u0435\u043a\u0442) | \u0420\u043e\u0431\u0435\u0440\u0442\u0441 \u0413\u0440\u0435\u0433\u043e\u0440\u0438 \u0414\u044d\u0432\u0438\u0434\",\"isSupermarket\":false,\"sku\":140056227},{\"type\":\"product\",\"deliveryType\":\"Retail\",\"sellerId\":0,\"quantity\":1,\"originalPrice\":353,\"finalPrice\":318,\"index\":1,\"stock\":1,\"storehouseId\":660,\"categoryId\":16500,\"id\":23877286,\"title\":\"\u041c\u0435\u0440\u0442\u0432\u0430\u044f \u0437\u043e\u043d\u0430 | \u041a\u0438\u043d\u0433 \u0421\u0442\u0438\u0432\u0435\u043d\",\"isSupermarket\":false,\"sku\":23877286},{\"type\":\"product\",\"deliveryType\":\"Retail\",\"sellerId\":0,\"quantity\":1,\"originalPrice\":699,\"finalPrice\":520,\"index\":1,\"stock\":1,\"storehouseId\":660,\"categoryId\":16500,\"id\":5438279,\"title\":\"\u0428\u0430\u043d\u0442\u0430\u0440\u0430\u043c | \u0420\u043e\u0431\u0435\u0440\u0442\u0441 \u0413\u0440\u0435\u0433\u043e\u0440\u0438 \u0414\u044d\u0432\u0438\u0434\",\"isSupermarket\":false,\"sku\":5438279},{\"type\":\"product\",\"deliveryType\":\"Retail\",\"sellerId\":0,\"quantity\":1,\"originalPrice\":413,\"finalPrice\":292,\"index\":1,\"stock\":1,\"storehouseId\":660,\"categoryId\":16500,\"id\":5670407,\"title\":\"\u041b\u0435\u0433\u0435\u043d\u0434\u0430 \u043e \u0421\u0438\u0433\u0443\u0440\u0434\u0435 \u0438 \u0413\u0443\u0434\u0440\u0443\u043d | \u0422\u043e\u043b\u043a\u0438\u043d \u0414\u0436\u043e\u043d \u0420\u043e\u043d\u0430\u043b\u044c\u0434 \u0420\u0443\u044d\u043b\",\"isSupermarket\":false,\"sku\":5670407},{\"type\":\"product\",\"deliveryType\":\"Retail\",\"sellerId\":0,\"quantity\":1,\"originalPrice\":595,\"finalPrice\":434,\"index\":1,\"stock\":1,\"storehouseId\":660,\"categoryId\":16500,\"id\":135393014,\"title\":\"\u041a\u043b\u0430\u0442\u0431\u0438\u0449\u0435 \u0434\u043e\u043c\u0430\u0448\u043d\u0438\u0445 \u0436\u044b\u0432\u043e\u0442\u043d\u044b\u0445 (\u043d\u043e\u0432\u044b\u0439 \u043f\u0435\u0440\u0435\u0432\u043e\u0434) | \u041a\u0438\u043d\u0433 \u0421\u0442\u0438\u0432\u0435\u043d\",\"isSupermarket\":false,\"sku\":135393014},{\"type\":\"product\",\"deliveryType\":\"Retail\",\"sellerId\":0,\"quantity\":1,\"originalPrice\":364,\"finalPrice\":335,\"index\":1,\"stock\":1,\"storehouseId\":660,\"categoryId\":16500,\"id\":27896509,\"title\":\"\u0421\u0438\u044f\u043d\u0438\u0435 | \u041a\u0438\u043d\u0433 \u0421\u0442\u0438\u0432\u0435\u043d\",\"isSupermarket\":false,\"sku\":27896509},{\"type\":\"product\",\"deliveryType\":\"Retail\",\"sellerId\":0,\"quantity\":1,\"originalPrice\":288,\"finalPrice\":265,\"index\":1,\"stock\":1,\"storehouseId\":660,\"categoryId\":16500,\"id\":31170703,\"title\":\"\u0414\u0435\u0442\u0438 \u0425\u0443\u0440\u0438\u043d\u0430. \u041d\u0430\u0440\u043d \u0438 \u0425\u0438\u043d \u0425\u0443\u0440\u0438\u043d | \u0422\u043e\u043b\u043a\u0438\u043d \u0414\u0436\u043e\u043d \u0420\u043e\u043d\u0430\u043b\u044c\u0434 \u0420\u0443\u044d\u043b\",\"isSupermarket\":false,\"sku\":31170703},{\"type\":\"product\",\"deliveryType\":\"Retail\",\"sellerId\":0,\"quantity\":1,\"originalPrice\":219,\"finalPrice\":205,\"index\":1,\"stock\":1,\"storehouseId\":660,\"categoryId\":16500,\"id\":29327198,\"title\":\"\u0417\u0435\u043b\u0435\u043d\u0430\u044f \u043c\u0438\u043b\u044f | \u041a\u0438\u043d\u0433 \u0421\u0442\u0438\u0432\u0435\u043d\",\"isSupermarket\":false,\"sku\":29327198},{\"type\":\"product\",\"deliveryType\":\"Retail\",\"sellerId\":0,\"quantity\":1,\"originalPrice\":588,