{"body": "{\"events\":[{\"attributes\":{\"app_version\":\"2.0.0\",\"device_type\":\"desktop\",\"namespace\":\"bx\",\"platform\":\"site\",\"screen_resolution_x\":1920,\"screen_resolution_y\":1080},\"page\":{\"category_id\":0,\"current\":\"brand\",\"current_url\":\"/brand/brunotti-162117145/\",\"page_view_id\":\"de7f20b2-0c7b-40c0-bec0-b496ca8aaa73\",\"previous\":\"brand_sef\",\"previous_page_view_id\":\"943e1261-c171-42b1-929b-0b97fa9f643c\",\"referral_url\":\"/brand/\",\"layout_id\":1907,\"layout_version\":39,\"rule_id\":1287},\"special\":true,\"timestamp\":\"2020-03-24 13:23:23 +0300\",\"user\":{\"ab_group\":24,\"client_id\":0,\"experiments\":\"219:221,318:438,320:444,326:486,327:487,328:480,332:528,338:550,345:568,346:571,347:572,348:575\",\"google_id\":\"GA1.2.1657344491.1585042046\",\"latitude\":55.755814,\"long_cookie\":\"53ebd41441e6049b016281d59dc38ea7\",\"longitude\":37.617634,\"region_id\":2,\"session_id\":\"g7f8O9KUQK+7aw6nLff3Qw\"}},{\"action_type\":\"to_cart\",\"composer\":{\"cell\":{\"index\":24,\"type\":\"product\",\"id\":162117085,\"title\":\"\u041a\u0443\u0440\u0442\u043a\u0430 Brunotti Tiger-Heron JR\",\"availability\":1,\"price\":8660,\"finalPrice\":3031,\"deliverySchema\":\"Retail\",\"marketplaceSellerId\":0,\"category\":\"\u041e\u0434\u0435\u0436\u0434\u0430, \u043e\u0431\u0443\u0432\u044c \u0438\u00a0\u0430\u043a\u0441\u0435\u0441\u0441\u0443\u0430\u0440\u044b/\u0421\u043f\u043e\u0440\u0442\u0438\u0432\u043d\u0430\u044f \u043e\u0434\u0435\u0436\u0434\u0430, \u043e\u0431\u0443\u0432\u044c \u0438 \u0430\u043a\u0441\u0435\u0441\u0441\u0443\u0430\u0440\u044b/\u0414\u0435\u0442\u0441\u043a\u0438\u0439 \u0441\u043f\u043e\u0440\u0442/\u0421\u043f\u043e\u0440\u0442 \u0434\u043b\u044f \u0434\u0435\u0432\u043e\u0447\u0435\u043a/\u0421\u043f\u043e\u0440\u0442\u0438\u0432\u043d\u0430\u044f \u043e\u0434\u0435\u0436\u0434\u0430 \u0434\u043b\u044f \u0434\u0435\u0432\u043e\u0447\u0435\u043a/\u0421\u043f\u043e\u0440\u0442\u0438\u0432\u043d\u044b\u0435 \u043a\u0443\u0440\u0442\u043a\u0438 \u0434\u043b\u044f \u0434\u0435\u0432\u043e\u0447\u0435\u043a\",\"brand\":\"Brunotti\",\"brandId\":162117145,\"availableInDays\":0,\"freeRest\":3,\"discount\":65,\"marketingActionIds\":[11115660599110],\"isPersonalized\":false,\"advId\":\"\",\"deliveryTimeDiffDays\":-1,\"isSupermarket\":false,\"isPromotedProduct\":false,\"link\":\"/context/detail/id/162117085/?_bctx=CAMQmeymTQ\",\"sellerId\":0,\"stock\":1,\"quantity\":1,\"totalQuantity\":1}},\"number\":814,\"timestamp\":\"2020-03-24 13:24:06 +0300\",\"uuid\":\"6f8caacf-4cda-4aab-98ee-558c41c04dfb\",\"version\":\"2\",\"widget\":{\"type\":\"catalog\",\"name\":\"catalog.searchResultsV2\",\"id\":312617,\"revision_id\":293173,\"config_revision_id\":0,\"index\":26}},{\"action_type\":\"to_cart\",\"composer\":{\"cell\":{\"index\":23,\"type\":\"product\",\"id\":165155462,\"title\":\"\u0411\u0440\u044e\u043a\u0438 Brunotti\",\"availability\":1,\"price\":7100,\"finalPrice\":2099,\"deliverySchema\":\"Retail\",\"marketplaceSellerId\":0,\"category\":\"\u0421\u043f\u043e\u0440\u0442\u0438\u0432\u043d\u044b\u0435 \u0442\u043e\u0432\u0430\u0440\u044b/\u0417\u0438\u043c\u043d\u0438\u0439 \u0441\u043f\u043e\u0440\u0442/\u0413\u043e\u0440\u043d\u044b\u0435 \u043b\u044b\u0436\u0438 \u0438 \u0430\u043a\u0441\u0435\u0441\u0441\u0443\u0430\u0440\u044b/\u041e\u0434\u0435\u0436\u0434\u0430 \u0433\u043e\u0440\u043d\u043e\u043b\u044b\u0436\u043d\u0430\u044f/\u0411\u0440\u044e\u043a\u0438 \u0433\u043e\u0440\u043d\u043e\u043b\u044b\u0436\u043d\u044b\u0435\",\"brand\":\"Brunotti\",\"brandId\":162117145,\"availableInDays\":0,\"freeRest\":2,\"discount\":70,\"marketingActionIds\":[11115662375580,11008828885490],\"isPersonalized\":false,\"advId\":\"\",\"deliveryTimeDiffDays\":-1,\"isSupermarket\":false,\"isPromotedProduct\":false,\"link\":\"/context/detail/id/165155462/?_bctx=CAMQmeymTQ\",\"sellerId\":0,\"stock\":1,\"quantity\":1,\"totalQuantity\":1}},\"number\":815,\"timestamp\":\"2020-03-24 13:24:06 +0300\",\"uuid\":\"c30690f9-e00f-4341-834d-3627819e5a36\",\"version\":\"2\",\"widget\":{\"type\":\"catalog\",\"name\":\"catalog.searchResultsV2\",\"id\":312617,\"revision_id\":293173,\"config_revision_id\":0,\"index\":26}},{\"action_type\":\"to_cart\",\"composer\":{\"cell\":{\"index\":22,\"type\":\"product\",\"id\":165155490,\"title\":\"\u0422\u043e\u043b\u0441\u0442\u043e\u0432\u043a\u0430 Brunotti\",\"availability\":1,\"price\":5000,\"finalPrice\":2499,\"deliverySchema\":\"Retail\",\"marketplaceSellerId\":0,\"category\":\"\u041e\u0434\u0435\u0436\u0434\u0430, \u043e\u0431\u0443\u0432\u044c \u0438\u00a0\u0430\u043a\u0441\u0435\u0441\u0441\u0443\u0430\u0440\u044b/\u0421\u043f\u043e\u0440\u0442\u0438\u0432\u043d\u0430\u044f \u043e\u0434\u0435\u0436\u0434\u0430, \u043e\u0431\u0443\u0432\u044c \u0438 \u0430\u043a\u0441\u0435\u0441\u0441\u0443\u0430\u0440\u044b/\u041c\u0443\u0436\u0441\u043a\u043e\u0439 \u0441\u043f\u043e\u0440\u0442/\u041c\u0443\u0436\u0441\u043a\u0430\u044f \u0441\u043f\u043e\u0440\u0442\u0438\u0432\u043d\u0430\u044f \u043e\u0434\u0435\u0436\u0434\u0430/\u0421\u043f\u043e\u0440\u0442\u0438\u0432\u043d\u044b\u0435 \u0442\u043e\u043b\u0441\u0442\u043e\u0432\u043a\u0438 \u043c\u0443\u0436\u0441\u043a\u0438\u0435\",\"brand\":\"Brunotti\",\"brandId\":162117145,\"availableInDays\":0,\"freeRest\":3,\"discount\":50,\"marketingActionIds\":[11115662764620],\"isPersonalized\":false,\"advId\":\"\",\"deliveryTimeDiffDays\":-1,\"isSupermarket\":false,\"isPromotedProduct\":false,\"link\":\"/context/detail/id/165155490/?_bctx=CAMQmeymTQ\",\"sellerId\":0,\"stock\":1,\"quantity\":1,\"totalQuantity\":1}},\"number\":816,\"timestamp\":\"2020-03-24 13:24:07 +0300\",\"uuid\":\"d4a5317b-d173-4448-84e2-21e5e216a8b8\",\"version\":\"2\",\"widget\":{\"type\":\"catalog\",\"name\":\"catalog.searchResultsV2\",\"id\":312617,\"revision_id\":293173,\"config_revision_id\":0,\"index\":26}},{\"action_type\":\"view\",\"composer\":{\"cell\":{\"index\":28,\"type\":\"product\",\"id\":165197275,\"title\":\"\u0425\u0443\u0434\u0438 Brunotti Buzzard JR\",\"availability\":1,\"price\":3654,\"finalPrice\":2559,\"deliverySchema\":\"Retail\",\"marketplaceSellerId\":0,\"category\":\"\u041e\u0434\u0435\u0436\u0434\u0430, \u043e\u0431\u0443\u0432\u044c \u0438\u00a0\u0430\u043a\u0441\u0435\u0441\u0441\u0443\u0430\u0440\u044b/\u0421\u043f\u043e\u0440\u0442\u0438\u0432\u043d\u0430\u044f \u043e\u0434\u0435\u0436\u0434\u0430, \u043e\u0431\u0443\u0432\u044c \u0438 \u0430\u043a\u0441\u0435\u0441\u0441\u0443\u0430\u0440\u044b/\u0414\u0435\u0442\u0441\u043a\u0438\u0439 \u0441\u043f\u043e\u0440\u0442/\u0421\u043f\u043e\u0440\u0442 \u0434\u043b\u044f \u043c\u0430\u043b\u044c\u0447\u0438\u043a\u043e\u0432/\u0421\u043f\u043e\u0440\u0442\u0438\u0432\u043d\u0430\u044f \u043e\u0434\u0435\u0436\u0434\u0430 \u0434\u043b\u044f \u043c\u0430\u043b\u044c\u0447\u0438\u043a\u043e\u0432/\u0421\u043f\u043e\u0440\u0442\u0438\u0432\u043d\u044b\u0435 \u0442\u043e\u043b\u0441\u0442\u043e\u0432\u043a\u0438 \u0434\u043b\u044f \u043c\u0430\u043b\u044c\u0447\u0438\u043a\u043e\u0432\",\"brand\":\"Brunotti\",\"brandId\":162117145,\"availableInDays\":0,\"freeRest\":2,\"discount\":29,\"marketingActionIds\":[11109493474090],\"isPersonalized\":false,\"advId\":\"\",\"deliveryTimeDiffDays\":-1,\"isSupermarket\":false,\"isPromotedProduct\":false,\"link\":\"/context/detail/id/165197275/?_bctx=CAMQmeymTQ\",\"sellerId\":0,\"stock\":1,\"quantity\":1,\"totalQuantity\":1}},\"number\":817,\"timestamp\":\"2020-03-24 13:24:07 +0300\",\"uuid\":\"380abe1f-ea21-4a98-87cd-243f0f8e792a\",\"version\":\"2\",\"widget\":{\"type\":\"catalog\",\"name\":\"catalog.searchResultsV2\",\"id\":312617,\"revision_id\":293173,\"config_revision_id\":0,\"index\":26}},{\"action_type\":\"view\",\"composer\":{\"cell\":{\"index\":29,\"type\":\"product\",\"id\":165155564,\"title\":\"\u0422\u043e\u043b\u0441\u0442\u043e\u0432\u043a\u0430 Brunotti\",\"availability\":1,\"price\":4300,\"finalPrice\":1299,\"deliverySchema\":\"Retail\",\"marketplaceSellerId\":0,